{"cameraMode":{"drawMode":0,"name":"Shaded","section":"Shading Mode"},"sceneLighting":true,"audioPlay":false,"sceneViewState":{"m_AlwaysRefresh":false,"showFog":true,"showSkybox":true,"showFlares":true,"showImageEffects":true,"showParticleSystems":true,"showVisualEffectGraphs":true,"m_FxEnabled":true},"in2DMode":false,"pivot":{"x":-0.40549159049987795,"y":2.2760281562805177,"z":0.1348820924758911},"rotation":{"x":0.42207521200180056,"y":-0.4691844582557678,"z":0.7266745567321777,"w":0.27151599526405337},"size":4.170333385467529,"orthographic":false}